,Id,Churn
0,0,0.04802465485408696
1,1,0.7013575011357757
2,2,0.7068440259325273
3,3,0.008222789420513552
4,4,0.0017550381455850616
5,5,0.1325420416653984
6,6,0.5532346162984828
7,7,0.2931903376519849
8,8,0.08446458881751824
9,9,0.3950690886312828
10,10,0.25447554245859105
11,11,0.17725680707897198
12,12,0.39393271356036474
13,13,0.11963043690542666
14,14,0.03983560575747144
15,15,0.011238234659466908
16,16,0.21370336984892993
17,17,0.37841043371461824
18,18,0.06393155275840305
19,19,0.012203626401479479
20,20,0.18013940687073524
21,21,0.0142674122599158
22,22,0.7612592815385043
23,23,0.50414570314947
24,24,0.11858826071788073
25,25,0.2768121019316551
26,26,0.15789389312468058
27,27,0.02430801106480792
28,28,0.02231515068523781
29,29,0.0016881788153345284
30,30,0.5127899857088961
31,31,0.48998723121075766
32,32,0.7543954617126113
33,33,0.6514814836930115
34,34,0.07764182755926856
35,35,0.018268998439573705
36,36,0.44966248881151394
37,37,0.08054628830096727
38,38,0.10912977318438423
39,39,0.04564058905566049
40,40,0.3736297179803842
41,41,0.5726491532141526
42,42,0.40926295197770496
43,43,0.2271908084379605
44,44,0.3772403706770691
45,45,0.3446351617567662
46,46,0.1569604071393333
47,47,0.13252256280905897
48,48,0.17335211347528728
49,49,0.1509061494078699
50,50,0.37478712059285013
51,51,0.7687658934616748
52,52,0.33723542362671716
53,53,0.10105898865253314
54,54,0.41387546684408094
55,55,0.007339866775859947
56,56,0.015999356537630936
57,57,0.5997967992838453
58,58,0.6483072963391426
59,59,0.23394109070275224
60,60,0.0396749392353358
61,61,0.5903489799346288
62,62,0.15808257769569417
63,63,0.08738532747999701
64,64,0.7623245682450013
65,65,0.014158113378907204
66,66,0.2988679289767592
67,67,0.47631732387399417
68,68,0.01341619785202009
69,69,0.5178694544885181
70,70,0.5372432080550521
71,71,0.5727578212000396
72,72,0.0697293848635398
73,73,0.5785751150077596
74,74,0.7570140870431981
75,75,0.02908037045228801
76,76,0.1573740779613016
77,77,0.09130765893206445
78,78,0.12265509647899936
79,79,0.006870088687325692
80,80,0.43072426646196815
81,81,0.7265067838124174
82,82,0.7944464059319969
83,83,0.19044090054588877
84,84,0.17541033193655475
85,85,0.037804207478036624
86,86,0.07037719692420653
87,87,0.47012891496196546
88,88,0.3615588486696608
89,89,0.17541033193655475
90,90,0.13294732387253763
91,91,0.22362685310775787
92,92,0.7224647616457907
93,93,0.8012411567586588
94,94,0.0018121464848534212
95,95,0.03265538920094221
96,96,0.22622585136938692
97,97,0.5353761952457288
98,98,0.2876799652164601
99,99,0.5856698845587575
100,100,0.02517713871773335
101,101,0.7438012575526646
102,102,0.0019646040148236215
103,103,0.6382555795480176
104,104,0.0024662163584836198
105,105,0.641162920922819
106,106,0.20898718021626228
107,107,0.10932581935092449
108,108,0.008575963555899313
109,109,0.23880037273723967
110,110,0.09586148370116794
111,111,0.10376466663259276
112,112,0.351996990371479
113,113,0.3735980960515338
114,114,0.0036074325446138196
115,115,0.7988366878427616
116,116,0.02186791356061883
117,117,0.0021645638737919195
118,118,0.05348019836480606
119,119,0.5842673215859991
120,120,0.11348188668746383
121,121,0.03059099077806843
122,122,0.26483947299655886
123,123,0.3535541162295883
124,124,0.364081380413015
125,125,0.2692461798855717
126,126,0.7096851916240127
127,127,0.27117974473289136
128,128,0.1723779527107517
129,129,0.15670738438833287
130,130,0.099502201532304
131,131,0.03695001452358636
132,132,0.0026396142536514768
133,133,0.036183421323333236
134,134,0.2955340004756394
135,135,0.03627293083878693
136,136,0.03293372227397341
137,137,0.004862331396462923
138,138,0.04308923802823014
139,139,0.21847857669268855
140,140,0.00719064092248518
141,141,0.00821293341856073
142,142,0.06774616670891634
143,143,0.06078694585159597
144,144,0.2987035032391993
145,145,0.22550417976233608
146,146,0.37459730861837887
147,147,0.013874584610694697
148,148,0.0034817648813639103
149,149,0.6012229003899042
150,150,0.018443976054777905
151,151,0.6729281479784792
152,152,0.4518027397241794
153,153,0.06594690371090875
154,154,0.2342118004661286
155,155,0.6930635230628681
156,156,0.06675886877591096
157,157,0.05818106668993565
158,158,0.05860251038362215
159,159,0.1325108514796903
160,160,0.34006085138271686
161,161,0.7024140791075825
162,162,0.10680524640103353
163,163,0.039117614637275464
164,164,0.5578974334549699
165,165,0.07567605958592409
166,166,0.044753181397597035
167,167,0.0957784447160797
168,168,0.0432973716867897
169,169,0.6028077224657432
170,170,0.6667061985262577
171,171,0.015786123835038798
172,172,0.42263135070100394
173,173,0.49155920751490795
174,174,0.12150371326588753
175,175,0.6032617858627969
176,176,0.06815528808106669
177,177,0.11250627962725014
178,178,0.024340529694799228
179,179,0.8446064826454612
180,180,0.18001475084584354
181,181,0.07626771388012053
182,182,0.04445891841309981
183,183,0.10237113470156672
184,184,0.13948183592806937
185,185,0.012762257062997225
186,186,0.12330402596107802
187,187,0.006030490485513342
188,188,0.04868869806149839
189,189,0.01667001769902973
190,190,0.013854743184598914
191,191,0.006772861439518873
192,192,0.13867765199115484
193,193,0.0185310247091221
194,194,0.28344127935308827
195,195,0.11085259628520032
196,196,0.03339399538684775
197,197,0.23028373402026797
198,198,0.4308512393332101
199,199,0.5336823516393591
200,200,0.524288719785759
201,201,0.6679131744072869
202,202,0.273746841979915
203,203,0.6391939006841609
204,204,0.2010739161040139
205,205,0.0058979959682219155
206,206,0.07772029749443181
207,207,0.6421454159832378
208,208,0.6916351019512422
209,209,0.5005129239207882
210,210,0.3651199376214478
211,211,0.14144858478530747
212,212,0.6409777274055735
213,213,0.008089153298713328
214,214,0.006216133939688573
215,215,0.5535785581287364
216,216,0.7625560237258389
217,217,0.6253404655129319
218,218,0.23431746150344787
219,219,0.4363532035367004
220,220,0.5064706535320357
221,221,0.01804330544783419
222,222,0.10087020724998336
223,223,0.14517621723794735
224,224,0.052780336030479214
225,225,0.6484918245292921
226,226,0.3489547491827404
227,227,0.0759243454888949
228,228,0.4685000112617918
229,229,0.35407912741273134
230,230,0.0026898461036635713
231,231,0.009763460614766588
232,232,0.34188925892231026
233,233,0.004969889036267799
234,234,0.010122653288960413
235,235,0.05976821972259062
236,236,0.775748776980208
237,237,0.3124579501483786
238,238,0.06564557181930918
239,239,0.3975646680693773
240,240,0.17036807492093448
241,241,0.014746119797599615
242,242,0.12464057193607676
243,243,0.4854976658402984
244,244,0.06729565349446874
245,245,0.06162419906551548
246,246,0.016435829100647913
247,247,0.0022585912653961086
248,248,0.021751442608154505
249,249,0.05422257403492671
250,250,0.0016407211316433132
251,251,0.018818664801277855
252,252,0.10877429906351707
253,253,0.4963095156470249
254,254,0.3014559221288974
255,255,0.49770345439696545
256,256,0.09494085499690541
257,257,0.21592126020688618
258,258,0.16674049828193283
259,259,0.5733889781849203
260,260,0.09474359978948525
261,261,0.3796726680175606
262,262,0.22137334454792423
263,263,0.37366812712365893
264,264,0.6145123938647874
265,265,0.21745857910173386
266,266,0.6208787893071905
267,267,0.22932567985287947
268,268,0.14853236084092175
269,269,0.06589736324082256
270,270,0.00732047571025625
271,271,0.004077883397507583
272,272,0.3633137738336769
273,273,0.4892685593771836
274,274,0.0728497180854029
275,275,0.246844636505393
276,276,0.04135914388738522
277,277,0.05338188182243475
278,278,0.14560428222445207
279,279,0.059908522995250776
280,280,0.6180788715904204
281,281,0.0623778313703757
282,282,0.5535565150893563
283,283,0.002002501592230497
284,284,0.2226495639628576
285,285,0.011303358125846007
286,286,0.004723285971712251
287,287,0.0028876758068273234
288,288,0.09675417604589953
289,289,0.7673666708373056
290,290,0.32022598997683355
291,291,0.650861706138136
292,292,0.0783259406005898
293,293,0.4295854949576366
294,294,0.611284985371019
295,295,0.06925749188172117
296,296,0.10528690496057555
297,297,0.4993059069657171
298,298,0.0017204214337152004
299,299,0.2772810581076375
300,300,0.0227328702282685
301,301,0.14468563225080747
302,302,0.06021964398409522
303,303,0.7829025205487772
304,304,0.01664888203769424
305,305,0.17467117846710253
306,306,0.23454692620652226
307,307,0.5940928453650064
308,308,0.7347609627335344
309,309,0.6975750689694099
310,310,0.08533981288215096
311,311,0.003895210364382689
312,312,0.057502342324130706
313,313,0.04372311647819508
314,314,0.489232776366128
315,315,0.7316163491069841
316,316,0.030026268051672474
317,317,0.22403035471280622
318,318,0.7461465602217636
319,319,0.535766457535672
320,320,0.46451181368333055
321,321,0.680882196982733
322,322,0.5725788618743379
323,323,0.1094498792780061
324,324,0.011487854634052025
325,325,0.6642581233878057
326,326,0.017868538147933103
327,327,0.23428169640065796
328,328,0.0025351033586800673
329,329,0.38603722142525726
330,330,0.14571049997990035
331,331,0.40022509419400937
332,332,0.27766524901647066
333,333,0.13869814027377675
334,334,0.5102585860778102
335,335,0.09936873772680907
336,336,0.008779468388875203
337,337,0.15730421993815846
338,338,0.014036659799683082
339,339,0.009362128625144659
340,340,0.49590684253395056
341,341,0.29867412852609215
342,342,0.17838931455911347
343,343,0.2892764445935285
344,344,0.007002267407343016
345,345,0.04305154118747497
346,346,0.3795218111707569
347,347,0.2370103605810309
348,348,0.01151279427186823
349,349,0.3829334245433319
350,350,0.07182212805601346
351,351,0.055857428287086335
352,352,0.2713102145944622
353,353,0.04698158347986366
354,354,0.31384294922590245
355,355,0.01293198598981448
356,356,0.6566541372197895
357,357,0.6247831036896178
358,358,0.6010716584756058
359,359,0.5307901170188939
360,360,0.20262329986407393
361,361,0.006491205144537365
362,362,0.46348421507435306
363,363,0.05494794816134007
364,364,0.3015820432292627
365,365,0.00672678176874623
366,366,0.0647239604841701
367,367,0.1937282483054987
368,368,0.048501227607220365
369,369,0.054559739244938336
370,370,0.03318021989265478
371,371,0.344281191564162
372,372,0.026523250308963284
373,373,0.7651794190114205
374,374,0.020162752326418835
375,375,0.11524213745693732
376,376,0.18343392931898214
377,377,0.14229741054545975
378,378,0.7264012921161216
379,379,0.530634733473115
380,380,0.2947039132643407
381,381,0.07864719507387731
382,382,0.043394868201526715
383,383,0.31150522872075975
384,384,0.11599534332279922
385,385,0.5434204463216035
386,386,0.565412051943938
387,387,0.00668950113063131
388,388,0.002628088242113608
389,389,0.007897587908597594
390,390,0.6672416414618475
391,391,0.00917035406029523
392,392,0.6813607487152316
393,393,0.4609665912166715
394,394,0.03447087841196471
395,395,0.4595585580463959
396,396,0.0477716377419459
397,397,0.06379876642292732
398,398,0.16404544755488087
399,399,0.015213699798054633
400,400,0.16991034120506146
401,401,0.0782341812253841
402,402,0.01499988241842694
403,403,0.1417841324325631
404,404,0.01495255285583036
405,405,0.5534832258285645
406,406,0.6282225688100229
407,407,0.32624633922641116
408,408,0.17487155753316994
409,409,0.02579791499965282
410,410,0.034640456566192884
411,411,0.04236060457942687
412,412,0.6284009249914262
413,413,0.5408281203373788
414,414,0.17370868845997983
415,415,0.18334655985698023
416,416,0.03652132684985364
417,417,0.4646438232069292
418,418,0.10277926183302925
419,419,0.09757633328786347
420,420,0.45924429656107135
421,421,0.24185613546859436
422,422,0.5193646104227482
423,423,0.0867384268321308
424,424,0.06548331590000872
425,425,0.6406547854883927
426,426,0.05675582812914895
427,427,0.03716493292908056
428,428,0.7213416949583479
429,429,0.19362115750181924
430,430,0.024104752870025798
431,431,0.05228004154605942
432,432,0.5307428488292932
433,433,0.5085725516465082
434,434,0.6084971565896059
435,435,0.653809029716645
436,436,0.02287956734167612
437,437,0.005332572657479772
438,438,0.34193290639307244
439,439,0.4775398446608104
440,440,0.08503550275019896
441,441,0.26411005767784523
442,442,0.20728839888630493
443,443,0.0722476483236956
444,444,0.3131541358599287
445,445,0.005390107552030408
446,446,0.013707084725384386
447,447,0.018174163941937996
448,448,0.569157344713217
449,449,0.07282113928453963
450,450,0.6105314500646525
451,451,0.40726538533381906
452,452,0.01080621119656255
453,453,0.6186586079415153
454,454,0.04883686309710556
455,455,0.1232915693295828
456,456,0.20524373508131544
457,457,0.004133416438071352
458,458,0.01419444179275733
459,459,0.11415748265097483
460,460,0.1562260626994265
461,461,0.008110981026894087
462,462,0.010919859826226183
463,463,0.051746437471799286
464,464,0.23656104609772566
465,465,0.16371130825111613
466,466,0.02079655497910656
467,467,0.7071597625419079
468,468,0.166158646992279
469,469,0.011392072783903728
470,470,0.5533313266366391
471,471,0.2938262495703608
472,472,0.1735303286103568
473,473,0.30338771200664366
474,474,0.5736958443496661
475,475,0.01951512122441066
476,476,0.7587817198767677
477,477,0.05552698209600778
478,478,0.03738650275500524
479,479,0.21062604980292268
480,480,0.3641792777018189
481,481,0.021263014387938324
482,482,0.2996051175030702
483,483,0.4424527717052888
484,484,0.0686193567354229
485,485,0.37102265795462164
486,486,0.4500028430673764
487,487,0.2535218130689882
488,488,0.011067161727561762
489,489,0.04874139344427993
490,490,0.6590740789425849
491,491,0.2432158163900006
492,492,0.18790547365278398
493,493,0.058517887740161874
494,494,0.035923686960900716
495,495,0.005926614292123575
496,496,0.04608856808654382
497,497,0.038478724273260476
498,498,0.6047198725271833
499,499,0.07682804441001546
500,500,0.7333487125076041
501,501,0.022934971214595118
502,502,0.17248400179428983
503,503,0.3949422480339463
504,504,0.3016179841461233
505,505,0.016959856238828126
506,506,0.1678003120750683
507,507,0.1726474043869593
508,508,0.5744926398108635
509,509,0.08995739633632242
510,510,0.6733786429930755
511,511,0.26936328793350556
512,512,0.5116128218352558
513,513,0.4005270941062335
514,514,0.12279299179150854
515,515,0.07734898234576172
516,516,0.24396666656629806
517,517,0.8040790840119955
518,518,0.48026426463199484
519,519,0.007299269452068095
520,520,0.598663606345459
521,521,0.0342567849524388
522,522,0.005145087558361627
523,523,0.11970147508158957
524,524,0.7622182271255972
525,525,0.15013942085191434
526,526,0.42262264605440913
527,527,0.11884988426546209
528,528,0.651251559479034
529,529,0.08546801563551112
530,530,0.01730445281076347
531,531,0.05322463429406226
532,532,0.18222254137903196
533,533,0.446586828866745
534,534,0.7251390352474456
535,535,0.5537335289917867
536,536,0.5413245061283327
537,537,0.018605974116734918
538,538,0.438626889432469
539,539,0.18848983099931624
540,540,0.5439729818765628
541,541,0.7187851049708678
542,542,0.15665301356544517
543,543,0.07416676748648501
544,544,0.08920674173854172
545,545,0.31811881957026633
546,546,0.40195096109445877
547,547,0.009086976523050619
548,548,0.421678993085559
549,549,0.04947417334047398
550,550,0.11659216980609512
551,551,0.03145596174597142
552,552,0.009734110761859417
553,553,0.14259273113385765
554,554,0.074791999767268
555,555,0.055293098020248455
556,556,0.7028088764944395
557,557,0.710499435435853
558,558,0.06326074183472258
559,559,0.3498023018329212
560,560,0.41227956007046446
561,561,0.003932325030258616
562,562,0.02347644035946565
563,563,0.028165296326715543
564,564,0.27267905565913586
565,565,0.17855363646493358
566,566,0.7215501449628181
567,567,0.08182260788435787
568,568,0.5398498079433844
569,569,0.07444217182995719
570,570,0.007442596343903088
571,571,0.754226770710794
572,572,0.7334021962921045
573,573,0.17221523915536766
574,574,0.004390379846330271
575,575,0.27733209032536354
576,576,0.250293092072392
577,577,0.5265813833439189
578,578,0.3187930091681161
579,579,0.6698935054561421
580,580,0.016151810607934122
581,581,0.6393114485745013
582,582,0.0025834213210355794
583,583,0.018975078250856453
584,584,0.2263500120950001
585,585,0.00881669537770648
586,586,0.21171160144613038
587,587,0.04353740989488788
588,588,0.7635676695158816
589,589,0.4033873962935917
590,590,0.8104319699195859
591,591,0.05579978748315449
592,592,0.6575602507182372
593,593,0.05030766462461191
594,594,0.46567246944305163
595,595,0.6331963795238541
596,596,0.0019545484838382906
597,597,0.4606042188551897
598,598,0.41867660983985244
599,599,0.025959851672833174
600,600,0.004240709058460044
601,601,0.2896564503203228
602,602,0.10948670176052454
603,603,0.5874506389662709
604,604,0.02317037699693725
605,605,0.09905086965059862
606,606,0.09718322356051129
607,607,0.676682749025393
608,608,0.07305078336790236
609,609,0.22174625010929666
610,610,0.5751723753858866
611,611,0.1639072298293144
612,612,0.3517804235821038
613,613,0.23395455136615573
614,614,0.043645221436516266
615,615,0.015574378149646946
616,616,0.6031290431972176
617,617,0.10848529163094882
618,618,0.028693468878953216
619,619,0.25287031904569296
620,620,0.04753197208766384
621,621,0.3930794206958368
622,622,0.534293731709091
623,623,0.7523821492493631
624,624,0.04056166559846576
625,625,0.13339142335775245
626,626,0.013440099352655235
627,627,0.05836140006748871
628,628,0.6569808484059102
629,629,0.2139235081398471
630,630,0.5422713950583973
631,631,0.04824963828848107
632,632,0.6205675643121316
633,633,0.03053283013904038
634,634,0.6081468018208954
635,635,0.008404355792385425
636,636,0.06373673762627038
637,637,0.10027857469677079
638,638,0.19804620230451134
639,639,0.6451201679447248
640,640,0.6953161585927803
641,641,0.1804565477975515
642,642,0.10942856295686164
643,643,0.12468620324951257
644,644,0.20605119972819994
645,645,0.036119786330870055
646,646,0.08075662299850173
647,647,0.08081737616649463
648,648,0.00289500559876541
649,649,0.15240983197626892
650,650,0.01656929673424534
651,651,0.7923130326754997
652,652,0.01758007441197487
653,653,0.2570224806639929
654,654,0.2276183094760017
655,655,0.6271775609697328
656,656,0.18208402585572434
657,657,0.1218029016468518
658,658,0.061040117783037175
659,659,0.2073246259259028
660,660,0.10100529248404408
661,661,0.024636507886801533
662,662,0.43179121240597035
663,663,0.2711704629838019
664,664,0.012885553299803235
665,665,0.7220463677350325
666,666,0.8041065839071184
667,667,0.21458707341539565
668,668,0.022243939934912384
669,669,0.0038232358503586376
670,670,0.058593066707648224
671,671,0.5240437211415285
672,672,0.6305710381236175
673,673,0.3760917188605962
674,674,0.7347729916506452
675,675,0.13345514156431085
676,676,0.008623426620748501
677,677,0.2974796248149328
678,678,0.18430857855224084
679,679,0.627008781570089
680,680,0.37250508490060036
681,681,0.09305525117899928
682,682,0.030353252015717293
683,683,0.36411594615170245
684,684,0.020699016548945726
685,685,0.3008975380794052
686,686,0.06804988438278395
687,687,0.019590052238276194
688,688,0.26795869776600034
689,689,0.3100635636623196
690,690,0.7168981995185693
691,691,0.819447699776442
692,692,0.34725161278216354
693,693,0.26454466625079315
694,694,0.057214724688404675
695,695,0.5510906138663869
696,696,0.2935368347486926
697,697,0.016856893441099297
698,698,0.016544632968915434
699,699,0.112411893800565
700,700,0.057349369982684605
701,701,0.20877501294713202
702,702,0.12612134002481926
703,703,0.08948977085528853
704,704,0.7861573948082232
705,705,0.0087759678989319
706,706,0.06393472900811371
707,707,0.6218799862048653
708,708,0.010420609515004639
709,709,0.07188152168208907
710,710,0.048079603886393034
711,711,0.190382904789314
712,712,0.27754723473479476
713,713,0.16639215748071118
714,714,0.17457961694819568
715,715,0.15274648820216577
716,716,0.6938128094992522
717,717,0.013579997732229543
718,718,0.43098159693687577
719,719,0.7940279772736473
720,720,0.12192871234778664
721,721,0.1608884406182954
722,722,0.19709029772764328
723,723,0.44681945517801525
724,724,0.11082642325254699
725,725,0.6801678788324336
726,726,0.027443159894014083
727,727,0.49461998668141366
728,728,0.2876182951097711
729,729,0.04081432891393833
730,730,0.005335893469449475
731,731,0.7209846817046857
732,732,0.00904543657074284
733,733,0.0147781652125509
734,734,0.05137850903287304
735,735,0.5792371085566731
736,736,0.012339682990443766
737,737,0.3295908992468978
738,738,0.4582635578220036
739,739,0.43238051992396287
740,740,0.3758176323992907
741,741,0.34405006318548914
742,742,0.4082187444206116
743,743,0.36545489526586405
744,744,0.16615617540844085
745,745,0.2099857073964373
746,746,0.06948746150605936
747,747,0.30077728898602446
748,748,0.0022525206825049064
749,749,0.6332796006374654
750,750,0.5016746421357542
751,751,0.030789758406107873
752,752,0.09360784444124362
753,753,0.07076346737947858
754,754,0.645104882080939
755,755,0.13247659669696527
756,756,0.1652062023246736
757,757,0.4512367798145823
758,758,0.031865177079007656
759,759,0.687066252850716
760,760,0.3765651829916594
761,761,0.6515255260187484
762,762,0.6888555999303467
763,763,0.11838934485318028
764,764,0.1426061127240676
765,765,0.14040954369857156
766,766,0.494308906278928
767,767,0.10971770277016317
768,768,0.12500554985715068
769,769,0.4144863246065835
770,770,0.6172284149885144
771,771,0.056946799646827265
772,772,0.7419466981967014
773,773,0.16831960471482807
774,774,0.495772441118235
775,775,0.07932619808939281
776,776,0.07343698446618102
777,777,0.5344606338539798
778,778,0.031929871213018705
779,779,0.6312863987756054
780,780,0.07230124344791967
781,781,0.48527846499289884
782,782,0.5999362504972529
783,783,0.5958134613648206
784,784,0.012740206898279158
785,785,0.5911555112553573
786,786,0.143966823858935
787,787,0.15867496302368542
788,788,0.6018465933589008
789,789,0.006168595031313123
790,790,0.591094353445873
791,791,0.5883733621851541
792,792,0.013664650297189886
793,793,0.514024354021926
794,794,0.6975167259649827
795,795,0.5897853171808527
796,796,0.37377337633796603
797,797,0.005325773977203519
798,798,0.10153135159300723
799,799,0.012035757531080658
800,800,0.17886261825653826
801,801,0.39144719885251417
802,802,0.025106181350267768
803,803,0.7198135273079167
804,804,0.005486259918149474
805,805,0.19408004204147672
806,806,0.012480059342510917
807,807,0.5038977688539793
808,808,0.16888105498040842
809,809,0.27788310490401513
810,810,0.1412561602735458
811,811,0.2516771065308406
812,812,0.3370850702730948
813,813,0.12405694235875074
814,814,0.04090141345827342
815,815,0.6691048565844704
816,816,0.16371167883052468
817,817,0.4919856564638712
818,818,0.022312759052646312
819,819,0.04511520633555693
820,820,0.06769627998733466
821,821,0.7970276102795196
822,822,0.006521189213892435
823,823,0.03382240242391583
824,824,0.07638913443546454
825,825,0.040971357613520325
826,826,0.025153888616861773
827,827,0.5570535889847208
828,828,0.7806626015965452
829,829,0.7723672340719944
830,830,0.822677179619684
831,831,0.6950527343739544
832,832,0.17809825801350887
833,833,0.26916472072542064
834,834,0.21865356970134567
835,835,0.40409517457763033
836,836,0.07155566093873886
837,837,0.7365066514656452
838,838,0.4868421773073873
839,839,0.4119428258265995
840,840,0.2377980755742139
841,841,0.1746026597630998
842,842,0.07057358492800248
843,843,0.35460027836674274
844,844,0.006102494524113404
845,845,0.3521087782277884
846,846,0.602757220318571
847,847,0.7068328523949117
848,848,0.020128107173080747
849,849,0.23713480752854488
850,850,0.2972520088166956
851,851,0.12376620131038905
852,852,0.008060713960462719
853,853,0.28081006486081234
854,854,0.2604215250074044
855,855,0.07327500979035985
856,856,0.5503636271100172
857,857,0.09062713533008111
858,858,0.7271197233224602
859,859,0.01020285119707466
860,860,0.54497077974271
861,861,0.07659157650230172
862,862,0.07001895222902821
863,863,0.4549584875438749
864,864,0.17179035678739024
865,865,0.02556708731037663
866,866,0.08658292050268562
867,867,0.3340507841027233
868,868,0.28619414011523603
869,869,0.43882422799567744
870,870,0.7182102814508684
871,871,0.06735587135807204
872,872,0.09375402019566746
873,873,0.5140297790136685
874,874,0.685074597417244
875,875,0.532760090070193
876,876,0.2831964897405323
877,877,0.12497984655439198
878,878,0.014819210145272245
879,879,0.12132510529552439
880,880,0.10311663269133906
881,881,0.05197469528710947
882,882,0.003883822128756118
883,883,0.816955444098745
884,884,0.017583915860090345
885,885,0.36456353794548707
886,886,0.2652313683425228
887,887,0.013378916448614381
888,888,0.05813195149597594
889,889,0.20026085182464673
890,890,0.41602276805086036
891,891,0.11991992686669804
892,892,0.005428410728915588
893,893,0.7498676918759464
894,894,0.1172514161154272
895,895,0.04721999072699732
896,896,0.037998996858949405
897,897,0.472795034416986
898,898,0.050180831830380454
899,899,0.7832949818070116
900,900,0.016810253141853995
901,901,0.26839705023830124
902,902,0.06073966081460488
903,903,0.054164098664159804
904,904,0.19023424213369886
905,905,0.009200797017522501
906,906,0.645715635779457
907,907,0.0032056815494519546
908,908,0.04219994299935286
909,909,0.710105151466889
910,910,0.012066753302895956
911,911,0.05318288307435402
912,912,0.006576723338284673
913,913,0.4697861717869885
914,914,0.1376983621596477
915,915,0.026900178355673852
916,916,0.7361305836834368
917,917,0.5024945021035906
918,918,0.1747818886997946
919,919,0.6941628213103401
920,920,0.11624602504939174
921,921,0.8101697839781324
922,922,0.19777932953944927
923,923,0.024564402159337525
924,924,0.5910429731935548
925,925,0.11090642140353552
926,926,0.05214115758966365
927,927,0.17818926086852332
928,928,0.07166847170261652
929,929,0.20998073870630088
930,930,0.6122706228547851
931,931,0.3513232694922391
932,932,0.7871940612380958
933,933,0.06430093646210402
934,934,0.06562282305111976
935,935,0.050665260093622634
936,936,0.009458693481740917
937,937,0.3898401761719598
938,938,0.1180747823010809
939,939,0.01506554564120602
940,940,0.0014163333097613703
941,941,0.5838732758672545
942,942,0.489836188654322
943,943,0.004298435524110302
944,944,0.11407059384404639
945,945,0.7343452826697783
946,946,0.31363539057140544
947,947,0.014105166217134051
948,948,0.1188774904824825
949,949,0.49087766071323097
950,950,0.6583338272192775
951,951,0.0588048946537318
952,952,0.17882730066617286
953,953,0.4528919231010827
954,954,0.20085931943713228
955,955,0.13702166951756406
956,956,0.10017119474218025
957,957,0.3045819297482057
958,958,0.05281898012240734
959,959,0.10805946143475927
960,960,0.443048684270066
961,961,0.4716501805326041
962,962,0.1628523217827993
963,963,0.016502529991334218
964,964,0.5910000694547499
965,965,0.7690370815825603
966,966,0.33560381716474946
967,967,0.005279716277780365
968,968,0.1010791998730203
969,969,0.023178430509631927
970,970,0.022795620763360083
971,971,0.009446954207369655
972,972,0.45376158929897575
973,973,0.12807264217322226
974,974,0.003173578765197439
975,975,0.6015965200783867
976,976,0.08963786274813952
977,977,0.06176520545452042
978,978,0.5181538116804022
979,979,0.07609863433252544
980,980,0.7182936323640955
981,981,0.11101399991970519
982,982,0.34788113787625663
983,983,0.002297585326277314
984,984,0.46759183784625274
985,985,0.01925358581946903
986,986,0.042114415585680035
987,987,0.681113115293506
988,988,0.2837748133566286
989,989,0.03163704874045676
990,990,0.7184954084927103
991,991,0.619167680376515
992,992,0.21279459311095644
993,993,0.14024735103182903
994,994,0.5492299991005243
995,995,0.46805207449594793
996,996,0.16484827028083243
997,997,0.00191931607874829
998,998,0.7359787733959576
999,999,0.005972409891507413
1000,1000,0.01915044042154366
1001,1001,0.21924284345267372
1002,1002,0.17577024035629504
1003,1003,0.1158103545049654
1004,1004,0.5234649951928055
1005,1005,0.0035643610894920044
1006,1006,0.0398038481417904
1007,1007,0.07967568115461317
1008,1008,0.10660746477630562
1009,1009,0.2461065145205592
1010,1010,0.6227100713608623
1011,1011,0.4381040437931107
1012,1012,0.1463712052206396
1013,1013,0.256926649981446
1014,1014,0.11103010341713472
1015,1015,0.007147213767079676
1016,1016,0.0034633965402852537
1017,1017,0.1614356550665694
1018,1018,0.524666279614094
1019,1019,0.7485480343431721
1020,1020,0.6606344907179148
1021,1021,0.007749951079767869
1022,1022,0.10465707592203373
1023,1023,0.00997270101505756
1024,1024,0.09670126714466086
1025,1025,0.7527912703523897
1026,1026,0.5519458602672539
1027,1027,0.050499805868864774
1028,1028,0.0807910074100211
1029,1029,0.7392905483361603
1030,1030,0.19182847204031447
1031,1031,0.0030823028842152764
1032,1032,0.0491217047212089
1033,1033,0.1047500177134254
1034,1034,0.08940403378190138
1035,1035,0.494337155847554
1036,1036,0.6374255206911726
1037,1037,0.1667556533540422
1038,1038,0.23846657684769754
1039,1039,0.011538748914249273
1040,1040,0.4846338828479947
1041,1041,0.277017088285761
1042,1042,0.592149824736574
1043,1043,0.0037834021599205602
1044,1044,0.04655046960593775
1045,1045,0.003093528727745632
1046,1046,0.023675350192044115
1047,1047,0.3189651339241154
1048,1048,0.6833913214378622
1049,1049,0.03428944321594446
1050,1050,0.1911169990462192
1051,1051,0.06444178561735939
1052,1052,0.06330918558313346
1053,1053,0.02068487285665656
1054,1054,0.0053460105011894615
1055,1055,0.08389388830443432
1056,1056,0.18693859315612033
1057,1057,0.05672133088009846
1058,1058,0.17395446845763482
1059,1059,0.6102190595160752
1060,1060,0.5018188271938958
1061,1061,0.04107274973432678
1062,1062,0.0701948096270234
1063,1063,0.047801352775372986
1064,1064,0.17109243952863915
1065,1065,0.44511747688462144
1066,1066,0.1339995015530965
1067,1067,0.14391083384969314
1068,1068,0.020369446233756885
1069,1069,0.0026720146181535933
1070,1070,0.060431952368993944
1071,1071,0.18472388233585244
1072,1072,0.09412992754220391
1073,1073,0.14289387728520378
1074,1074,0.03556752629941553
1075,1075,0.015072891480794997
1076,1076,0.07321185290229161
1077,1077,0.3492029186224793
1078,1078,0.14664806513874068
1079,1079,0.6418814231755985
1080,1080,0.021666781910804126
1081,1081,0.833925018212121
1082,1082,0.3489403903045501
1083,1083,0.04632188514043418
1084,1084,0.5795327461719024
1085,1085,0.34715118351529617
1086,1086,0.48892795838158754
1087,1087,0.0231230911727211
1088,1088,0.7397979113081736
1089,1089,0.7948924616461609
1090,1090,0.21257354347419738
1091,1091,0.6903638970225903
1092,1092,0.07380061072015849
1093,1093,0.5743697800015221
1094,1094,0.3880755954589733
1095,1095,0.057653207844094834
1096,1096,0.03408918034050777
1097,1097,0.2930107989345955
1098,1098,0.3451826358818983
1099,1099,0.11258198973801488
1100,1100,0.40195836879205743
1101,1101,0.3369666874991822
1102,1102,0.14105489743815394
1103,1103,0.053379614718358566
1104,1104,0.016861866981534565
1105,1105,0.09714299621516134
1106,1106,0.009133546066556912
1107,1107,0.05651552971935038
1108,1108,0.003766977030544591
1109,1109,0.22257977028723144
1110,1110,0.6935423564069634
1111,1111,0.03687854799270391
1112,1112,0.0028457206899933033
1113,1113,0.12403121700094014
1114,1114,0.09709642436433433
1115,1115,0.6023221003067553
1116,1116,0.29084358991249176
1117,1117,0.13585905850916516
1118,1118,0.050575000952970274
1119,1119,0.172036989703716
1120,1120,0.0653687145430331
1121,1121,0.1612337902308386
1122,1122,0.4519766006362359
1123,1123,0.5196147337066891
1124,1124,0.019081659234796856
1125,1125,0.013165310055753195
1126,1126,0.33979539753803467
1127,1127,0.5593487382072991
1128,1128,0.2047322189438505
1129,1129,0.5353512901079887
1130,1130,0.44688621217884583
1131,1131,0.03711688378098539
1132,1132,0.12864078826935765
1133,1133,0.18010809958312826
1134,1134,0.6282347018033757
1135,1135,0.5180477833302874
1136,1136,0.008119702132078025
1137,1137,0.02990780548611935
1138,1138,0.4015545998420105
1139,1139,0.004903308827086774
1140,1140,0.5815142398379693
1141,1141,0.6356501478190861
1142,1142,0.08656947161186519
1143,1143,0.07219022302711466
1144,1144,0.5402281909285691
1145,1145,0.25205869325739577
1146,1146,0.11120688713278032
1147,1147,0.16876132183084427
1148,1148,0.004661336474756169
1149,1149,0.04449340865093031
1150,1150,0.38110436016941523
1151,1151,0.45692096619976313
1152,1152,0.5837020633454314
1153,1153,0.0036889693892470147
1154,1154,0.30303888037528
1155,1155,0.09159545552080467
1156,1156,0.0030591362077267404
1157,1157,0.17157299333965137
1158,1158,0.37599858632489913
1159,1159,0.7494381980145421
1160,1160,0.0037237966059982144
1161,1161,0.2414924131511602
1162,1162,0.30298557774459717
1163,1163,0.18041345772361822
1164,1164,0.00921182242206833
1165,1165,0.6025640160187101
1166,1166,0.12358736927596811
1167,1167,0.008811406232103556
1168,1168,0.15962100913676477
1169,1169,0.002485964805384825
1170,1170,0.07959591828271441
1171,1171,0.06210938270211739
1172,1172,0.25891920018342285
1173,1173,0.10239976929172961
1174,1174,0.13806034609679566
1175,1175,0.6105519593106856
1176,1176,0.16101587768246034
1177,1177,0.026639440384272503
1178,1178,0.5419307384172954
1179,1179,0.12247749312699364
1180,1180,0.019901945188229204
1181,1181,0.006694134820073235
1182,1182,0.2461217512922992
1183,1183,0.059394240699859845
1184,1184,0.11634529327398219
1185,1185,0.17504418783838802
1186,1186,0.6791445720740706
1187,1187,0.5923158277329255
1188,1188,0.002521105316123838
1189,1189,0.10672897468847736
1190,1190,0.08461172741482546
1191,1191,0.03625756205905693
1192,1192,0.27787342440769347
1193,1193,0.4943058594912654
1194,1194,0.5894707429962986
1195,1195,0.03384094677251586
1196,1196,0.1367947522739504
1197,1197,0.030657432694981678
1198,1198,0.018199294464006588
1199,1199,0.20153998480403812
1200,1200,0.1332532586564459
1201,1201,0.01538471822385346
1202,1202,0.01412909207097861
1203,1203,0.4771649081220208
1204,1204,0.25531039481080436
1205,1205,0.17822736287172966
1206,1206,0.522345103835916
1207,1207,0.06556733314918002
1208,1208,0.5155280168148669
1209,1209,0.056632354325198385
1210,1210,0.3713187766163037
1211,1211,0.03138190568417742
1212,1212,0.10005845192747859
1213,1213,0.7768073589588371
1214,1214,0.08025475556065631
1215,1215,0.35075637573939294
1216,1216,0.28507751579789214
1217,1217,0.7407019601135459
1218,1218,0.2820373411680244
1219,1219,0.08272441026799815
1220,1220,0.007177277607372256
1221,1221,0.41409336529865487
1222,1222,0.7602980489815053
1223,1223,0.31383413220752027
1224,1224,0.03700797828868211
1225,1225,0.35511165444085063
1226,1226,0.6942947647372099
1227,1227,0.7071759814624302
1228,1228,0.6026693699677853
1229,1229,0.6849463358202229
1230,1230,0.005889185626866517
1231,1231,0.5440810396532902
1232,1232,0.6571034849472387
1233,1233,0.5889850285991869
1234,1234,0.21795320151871178
1235,1235,0.004610757406793465
1236,1236,0.8035184643948566
1237,1237,0.5810838701999987
1238,1238,0.6232103326869655
1239,1239,0.007279941854389475
1240,1240,0.2314113554110855
1241,1241,0.12134613755666554
1242,1242,0.009190142498073723
1243,1243,0.7149777661321614
1244,1244,0.005210220951020405
1245,1245,0.05672508603103877
1246,1246,0.3494960494449579
1247,1247,0.15660730795998398
1248,1248,0.07914197451310716
1249,1249,0.15039179768327357
1250,1250,0.043066465027511804
1251,1251,0.4338695931017604
1252,1252,0.0035508336124953094
1253,1253,0.7501753953201619
1254,1254,0.14235259635867956
1255,1255,0.001886840474786538
1256,1256,0.4866704419557933
1257,1257,0.6753354052967301
1258,1258,0.0035831237013433724
1259,1259,0.24127617916534977
1260,1260,0.7346273376152417
1261,1261,0.008419752965364883
1262,1262,0.1729072085106377
1263,1263,0.2617868606211668
1264,1264,0.28267957298344004
1265,1265,0.21430212795323644
1266,1266,0.5427633658288706
1267,1267,0.3462012493517308
1268,1268,0.5720137355360992
1269,1269,0.3320354795082989
1270,1270,0.012559467000464905
1271,1271,0.013726813344078697
1272,1272,0.16456296099064313
1273,1273,0.02292588867043464
1274,1274,0.006674113122721231
1275,1275,0.20609512394285665
1276,1276,0.029163060973090488
1277,1277,0.0017010694542832197
1278,1278,0.09976949053129221
1279,1279,0.3314586953285875
1280,1280,0.039492500825094694
1281,1281,0.5814081310502303
1282,1282,0.7772367874650664
1283,1283,0.16553179357156803
1284,1284,0.6409304604750432
1285,1285,0.17259416458793134
1286,1286,0.08743555050809312
1287,1287,0.6115504849341717
1288,1288,0.6350590982048007
1289,1289,0.03107661069187932
1290,1290,0.21137522421081484
1291,1291,0.6275702140447037
1292,1292,0.10553720003237207
1293,1293,0.015003650672028392
1294,1294,0.23498837089329896
1295,1295,0.3918048765554091
1296,1296,0.04263717771179101
1297,1297,0.3101602609093941
1298,1298,0.5590075474696051
1299,1299,0.3765365537196828
1300,1300,0.6914406707677943
1301,1301,0.7299661256528944
1302,1302,0.052249772162581316
1303,1303,0.6699868668633926
1304,1304,0.1293251301934684
1305,1305,0.10798975761077402
1306,1306,0.25874927334537995
1307,1307,0.022387630775758033
1308,1308,0.15160898616951202
1309,1309,0.7029927282460445
1310,1310,0.0893142404072206
1311,1311,0.47775468752533934
1312,1312,0.35979146348805907
1313,1313,0.03250449579542468
1314,1314,0.030395877047903887
1315,1315,0.37648714475323375
1316,1316,0.00401105418927366
1317,1317,0.5098982917973073
1318,1318,0.04566798183343468
1319,1319,0.003721329505062665
1320,1320,0.15027871684938957
1321,1321,0.00979884318348092
1322,1322,0.2368979768292707
1323,1323,0.31266841943780405
1324,1324,0.08281853622115072
1325,1325,0.4923462020698679
1326,1326,0.6129391556654625
1327,1327,0.13302897094740473
1328,1328,0.7234222214058147
1329,1329,0.3869057867070141
1330,1330,0.7669694658451054
1331,1331,0.1808108657739488
1332,1332,0.1510721756642943
1333,1333,0.2193551127965328
1334,1334,0.006529482001114105
1335,1335,0.6579603253468477
1336,1336,0.03836959467920392
1337,1337,0.6751342004303593
1338,1338,0.0028055579721009954
1339,1339,0.7686039869324279
1340,1340,0.02890132760381271
1341,1341,0.271337248916213
1342,1342,0.018874498114142626
1343,1343,0.09471813025621878
1344,1344,0.03883078353328965
1345,1345,0.12519327678762104
1346,1346,0.06247191148648073
1347,1347,0.013294015075788299
1348,1348,0.622998074271147
1349,1349,0.04492184857746808
1350,1350,0.017148305460921894
1351,1351,0.0346404061328375
1352,1352,0.021117858204992287
1353,1353,0.42336301264402193
1354,1354,0.23097793108115697
1355,1355,0.5483312423510899
1356,1356,0.08629772471564548
1357,1357,0.40947707765508967
1358,1358,0.014041523371277356
1359,1359,0.2457469180726005
1360,1360,0.17532920432902105
1361,1361,0.13100472313432507
1362,1362,0.6070191999615266
1363,1363,0.03239082693433823
1364,1364,0.14293279415817917
1365,1365,0.5042564138507893
1366,1366,0.232940047768687
1367,1367,0.010980209862804891
1368,1368,0.10783649217123993
1369,1369,0.06581081282400408
1370,1370,0.06590021615528625
1371,1371,0.6122194935996603
1372,1372,0.03232937897654442
1373,1373,0.21779297663396546
1374,1374,0.03731486165179454
1375,1375,0.22807185662669083
1376,1376,0.07845405227486305
1377,1377,0.401553280264406
1378,1378,0.32626666374152985
1379,1379,0.21615498746588813
1380,1380,0.7214416928520816
1381,1381,0.5802818702888696
1382,1382,0.44740956223047434
1383,1383,0.004704646376355394
1384,1384,0.44477959673747547
1385,1385,0.7709707458878123
1386,1386,0.5505173568994092
1387,1387,0.10355405480985883
1388,1388,0.5984841534517732
1389,1389,0.5557406438555827
1390,1390,0.5133092078360656
1391,1391,0.016044549864680492
1392,1392,0.7335024045786074
1393,1393,0.14176955787924075
1394,1394,0.014192985664131824
1395,1395,0.5832000312785072
1396,1396,0.13411365030087505
1397,1397,0.009435336301508437
1398,1398,0.20475290272101238
1399,1399,0.2198899333711944
1400,1400,0.3195666229496792
1401,1401,0.020083421764847547
1402,1402,0.24173161368175444
1403,1403,0.011338987243544374
1404,1404,0.05110559473271834
1405,1405,0.10623804697660251
1406,1406,0.17873604282836833
1407,1407,0.23734773230847447
1408,1408,0.12933112441267292
1409,1409,0.002262488045806635
1410,1410,0.027111970158226036
1411,1411,0.010485531143562989
1412,1412,0.5329778404779993
1413,1413,0.514063566276444
1414,1414,0.0363632130341238
1415,1415,0.09038522977840077
1416,1416,0.24497096126392406
1417,1417,0.006369913333204467
1418,1418,0.13396765868577407
1419,1419,0.26778779806787967
1420,1420,0.04740502304586968
1421,1421,0.0031889146713356023
1422,1422,0.014180753852444465
1423,1423,0.005311865048174661
1424,1424,0.11869459494036143
1425,1425,0.0908712602313174
1426,1426,0.030030019913675092
1427,1427,0.0907165951416879
1428,1428,0.7827298438650196
1429,1429,0.4221284987259967
1430,1430,0.11030894802092407
1431,1431,0.28169365581074496
1432,1432,0.39197440651685245
1433,1433,0.003982996198351459
1434,1434,0.6101112646399905
1435,1435,0.2537646010021056
1436,1436,0.3927846342407015
1437,1437,0.1214785723690773
1438,1438,0.4706414033640055
1439,1439,0.4960446378694343
1440,1440,0.17469225611132694
1441,1441,0.493888847695626
1442,1442,0.1872079596559476
1443,1443,0.5880565436738284
1444,1444,0.16964055393240876
1445,1445,0.09571544547237325
1446,1446,0.18835935294141962
1447,1447,0.22610294809598858
1448,1448,0.04372061181936728
1449,1449,0.7669971527932986
1450,1450,0.06642987106522157
1451,1451,0.518501540161102
1452,1452,0.5632992720861246
1453,1453,0.014635118108642904
1454,1454,0.10213316411120914
1455,1455,0.03730553234508236
1456,1456,0.10126964330981902
1457,1457,0.23903542941591355
1458,1458,0.18531226981317053
1459,1459,0.6957110550926344
1460,1460,0.6224644437709117
1461,1461,0.011134828392539339
1462,1462,0.008330662792564666
1463,1463,0.17442357576864706
1464,1464,0.3893167078380375
1465,1465,0.6163205726189463
1466,1466,0.04115302829880673
1467,1467,0.012684994323485183
1468,1468,0.019894210627136685
1469,1469,0.449685839945316
1470,1470,0.24693394033975657
1471,1471,0.05234390848349681
1472,1472,0.2888339287113194
1473,1473,0.2621174742907743
1474,1474,0.454826285064852
1475,1475,0.8136623916947885
1476,1476,0.09514954554705506
1477,1477,0.020397462025959757
1478,1478,0.25136530474730867
1479,1479,0.45261239165201717
1480,1480,0.008348886977623586
1481,1481,0.2429870755333526
1482,1482,0.009001470053717039
1483,1483,0.14518084061460612
1484,1484,0.16354680603355606
1485,1485,0.17809825801350887
1486,1486,0.037782201053407474
1487,1487,0.09695568729700384
1488,1488,0.2802864226813435
1489,1489,0.1842465660914287
1490,1490,0.5493838799262715
1491,1491,0.021117548183142855
1492,1492,0.0027374977097355062
1493,1493,0.21046582917897563
1494,1494,0.7324780500076006
1495,1495,0.39723419013127875
1496,1496,0.24987599946051317
1497,1497,0.1532567902651574
1498,1498,0.17816365692323505
1499,1499,0.1608843501631627
1500,1500,0.05209301452836265
1501,1501,0.09967163955068033
1502,1502,0.002802567215687131
1503,1503,0.1603092048626324
1504,1504,0.853256799816624
1505,1505,0.32254268190414725
1506,1506,0.7357888145062295
1507,1507,0.2191166520363219
1508,1508,0.6820036167932905
1509,1509,0.4558023348452531
1510,1510,0.04629742418372779
1511,1511,0.03724653488257566
1512,1512,0.0962584679747649
1513,1513,0.14890014906275587
1514,1514,0.030572751370766836
1515,1515,0.3582190019371029
1516,1516,0.05436447497791044
1517,1517,0.5933417524613188
1518,1518,0.39070686422047796
1519,1519,0.08356218091257178
1520,1520,0.03858164581399721
1521,1521,0.0477201438268606
1522,1522,0.03427297267916545
1523,1523,0.15454346650662507
1524,1524,0.008610939710703064
1525,1525,0.5177623272176295
1526,1526,0.04900355099790426
1527,1527,0.7381404205195138
1528,1528,0.1921996131494256
1529,1529,0.5995888513055179
1530,1530,0.135269930134782
1531,1531,0.14946034583438506
1532,1532,0.007822867491761474
1533,1533,0.13175671179974124
1534,1534,0.035877934983537474
1535,1535,0.07491321079097522
1536,1536,0.07790665121478577
1537,1537,0.4017526328145899
1538,1538,0.002626417573301871
1539,1539,0.402478138791387
1540,1540,0.09524854703459926
1541,1541,0.6030794171571542
1542,1542,0.3783512798562044
1543,1543,0.0034955264749194003
1544,1544,0.037985304284913424
1545,1545,0.6608106532531661
1546,1546,0.15231587642144417
1547,1547,0.29153171711793346
1548,1548,0.5029230745421142
1549,1549,0.07436407158157461
1550,1550,0.689631322829737
1551,1551,0.7094392302527103
1552,1552,0.4286112047734433
1553,1553,0.005479808608634466
1554,1554,0.009848007206639123
1555,1555,0.04742024421716344
1556,1556,0.19106274603211532
1557,1557,0.6186149858624569
1558,1558,0.051419119822682255
1559,1559,0.00929789406214638
1560,1560,0.33917382659631157
1561,1561,0.03250617725971266
1562,1562,0.0812986286547893
1563,1563,0.5580980933259446
1564,1564,0.06563460286991343
1565,1565,0.07180706970847522
1566,1566,0.011522538564115467
1567,1567,0.050736405297056475
1568,1568,0.6566045981442302
1569,1569,0.009433102964415057
1570,1570,0.3122229425975724
1571,1571,0.08764875361294885
1572,1572,0.17758755630757503
1573,1573,0.015412291611072748
1574,1574,0.5347505042340348
1575,1575,0.7199652770389909
1576,1576,0.034123479132739575
1577,1577,0.041225049026429386
1578,1578,0.24900535006940597
1579,1579,0.29382240724944586
1580,1580,0.559600013291752
1581,1581,0.030339609537291243
1582,1582,0.17882730066617286
1583,1583,0.012891547128304908
1584,1584,0.5043960066122404
1585,1585,0.35697477262497296
1586,1586,0.048172892477789116
1587,1587,0.06644106508934335
1588,1588,0.003271869776390557
1589,1589,0.48731396564663865
1590,1590,0.38262291909783336
1591,1591,0.43901663189270673
1592,1592,0.7065175491035517
1593,1593,0.22284464681673183
1594,1594,0.0018657952979309943
1595,1595,0.29321061999826015
1596,1596,0.12311826953259275
1597,1597,0.15116228074463048
1598,1598,0.10229489760310757
1599,1599,0.4332642656750471
1600,1600,0.7027012789122666
1601,1601,0.2799386251202329
1602,1602,0.7300009385912389
1603,1603,0.6123566537371901
1604,1604,0.054340447669634646
1605,1605,0.27705104925887253
1606,1606,0.10348298238977242
1607,1607,0.2694390572505453
1608,1608,0.018632544136437747
1609,1609,0.6029275560272008
1610,1610,0.04743641132599124
1611,1611,0.2761973047182971
1612,1612,0.7631922021000459
1613,1613,0.20028770452231554
1614,1614,0.21746905210927572
1615,1615,0.16719418230366628
1616,1616,0.40205812195953405
1617,1617,0.2667677909394159
1618,1618,0.39078208191950276
1619,1619,0.3227804888728434
1620,1620,0.025989742969534452
1621,1621,0.39369981061320114
1622,1622,0.045516450781938805
1623,1623,0.32012144023293154
1624,1624,0.008250366965562611
1625,1625,0.025921542192208578
1626,1626,0.0024877957824934794
1627,1627,0.12455880126963716
1628,1628,0.49583967343791235
1629,1629,0.25238081073040175
1630,1630,0.056480307068180524
1631,1631,0.029076332625111178
1632,1632,0.31220109512073
1633,1633,0.13908097029693967
1634,1634,0.1773907829098486
1635,1635,0.008441955968412391
1636,1636,0.01619786007880489
1637,1637,0.8075107386894342
1638,1638,0.5942814563959874
1639,1639,0.5633812873044101
1640,1640,0.38473747052382007
1641,1641,0.13991218073584147
1642,1642,0.052144582097438004
1643,1643,0.18888200408389655
1644,1644,0.24704048661278666
1645,1645,0.21652060956716762
1646,1646,0.03092665076992596
1647,1647,0.39017482522571234
1648,1648,0.22037372647559142
1649,1649,0.49581445164616955
1650,1650,0.06681051298105926
1651,1651,0.13246864322040267
1652,1652,0.15737626701869076
1653,1653,0.6776531495169521
1654,1654,0.0037555963488277964
1655,1655,0.4116064221346369
1656,1656,0.0876150105181335
1657,1657,0.022059544652908495
1658,1658,0.02253560805531589
1659,1659,0.471348259795708
1660,1660,0.1813506033835552
1661,1661,0.02180777718281363
1662,1662,0.007273970037971231
1663,1663,0.35847713615088334
1664,1664,0.17056244117464767
1665,1665,0.6945255027082744
1666,1666,0.27331739844920233
1667,1667,0.20642089660691315
1668,1668,0.038394521060695894
1669,1669,0.08148314287385756
1670,1670,0.7045477219836237
1671,1671,0.24353362166729384
1672,1672,0.13037883264138786
1673,1673,0.10400402154752782
1674,1674,0.09549437062830572
1675,1675,0.3524162055250874
1676,1676,0.36002133877618453
1677,1677,0.013483823416201164
1678,1678,0.48166717502874246
1679,1679,0.23315000460369428
1680,1680,0.11224061876328624
1681,1681,0.020354427423392992
1682,1682,0.6591559867419208
1683,1683,0.4190694650965278
1684,1684,0.6367655443027674
1685,1685,0.03899061246014229
1686,1686,0.7676863349423224
1687,1687,0.17382473416738203
1688,1688,0.45027702340269393
1689,1689,0.06312137735760204
1690,1690,0.006984049097508801
1691,1691,0.38985414855892
1692,1692,0.10609275330924474
1693,1693,0.3918488983305114
1694,1694,0.020603931403566818
1695,1695,0.16806150381522988
1696,1696,0.5414922587498872
1697,1697,0.2740063457529548
1698,1698,0.17650871702617282
1699,1699,0.15662127354639702
1700,1700,0.0807575328612303
1701,1701,0.1743359781987724
1702,1702,0.012020418135853222
1703,1703,0.013321003724572823
1704,1704,0.737111338322076
1705,1705,0.08419145462407245
1706,1706,0.37018343320697894
1707,1707,0.16776676815580413
1708,1708,0.644206576137796
1709,1709,0.589232377536247
1710,1710,0.005498289597508735
1711,1711,0.24161770017284734
1712,1712,0.051957836942979674
1713,1713,0.4605265026095564
1714,1714,0.09889804451226027
1715,1715,0.013076916634203354
1716,1716,0.2399945011907894
1717,1717,0.0038027196237282583
1718,1718,0.02971456570240802
1719,1719,0.40264233377788844
1720,1720,0.002895048311272831
1721,1721,0.5237982613002172
1722,1722,0.39484409635214507
1723,1723,0.01954116566849959
1724,1724,0.5656066592106823
1725,1725,0.46686999145135005
1726,1726,0.5545170632773818
1727,1727,0.040646655168068584
1728,1728,0.01100624696121317
1729,1729,0.7319150787919122
1730,1730,0.7200947806771654
1731,1731,0.49332671027210956
1732,1732,0.4821575814803519
1733,1733,0.023501092619145753
1734,1734,0.3064323608338921
1735,1735,0.5058820614860079
1736,1736,0.040531491110667464
1737,1737,0.6805096222276249
1738,1738,0.017443395195292175
1739,1739,0.0182290840545641
1740,1740,0.6516672764257456
1741,1741,0.12612205073740781
1742,1742,0.0030238050636321686
1743,1743,0.20828703847400365
1744,1744,0.03581295708389515
1745,1745,0.03564652894787086
1746,1746,0.14900463932876315
1747,1747,0.01952178001495991
1748,1748,0.0489348855562359
1749,1749,0.004361047373831697
1750,1750,0.4073125775389133
1751,1751,0.5311336363439044
1752,1752,0.1818322286024763
1753,1753,0.7093418856028267
1754,1754,0.09672148891949002
1755,1755,0.08335211707756035
1756,1756,0.11517470397984628
1757,1757,0.03536973701016381
1758,1758,0.7757716212699834
1759,1759,0.6560769416293732
1760,1760,0.012318664520975941
